id	firstName	lastName	email	gender	contactNo	country	dob
1	Dud	Ishak	dishak0@alexa.com	Male	970-613-2617	Ukraine	24-06-2012
2	Jolyn	Bragg	jbragg1@go.com	Genderqueer	614-319-7266	United States	18-09-2003
3	Sallie	Gaw	sgaw2@mit.edu	Female	997-395-9270	France	12-05-1994
4	Belle	De Biasi	bdebiasi3@ucla.edu	Female	592-563-0424	Democratic Republic of the Congo	08-04-2001
5	Bing	Filov	bfilov4@engadget.com	Male	343-984-1150	Indonesia	19-10-1992
6	West	Douberday	wdouberday5@mozilla.org	Male	615-444-4318	Brazil	24-05-1990
7	Marion	Northridge	mnorthridge6@newsvine.com	Female	149-504-2848	Dominican Republic	01-04-2020
8	Hillary	Whittle	hwhittle7@free.fr	Non-binary	800-103-2454	China	09-05-1993
9	Standford	Semour	ssemour8@live.com	Genderqueer	442-441-9317	Indonesia	24-10-2010
10	Babs	Orridge	borridge9@exblog.jp	Female	654-596-4163	Netherlands	04-08-1999
11	Arliene	Dunnett	adunnetta@microsoft.com	Female	799-950-8349	China	10-08-1999
12	Anabal	Bick	abickb@icq.com	Female	100-307-6924	Ukraine	20-06-2009
13	Thelma	Hoodlass	thoodlassc@ucsd.edu	Female	627-566-6711	China	16-11-2012
14	Othello	Sperrett	osperrettd@feedburner.com	Male	326-887-9247	France	28-11-1990
15	Kristal	Herche	kherchee@cbslocal.com	Female	928-973-7589	China	12-11-2016
16	Archibaldo	Goldberg	agoldbergf@ted.com	Male	733-212-0386	Brazil	27-04-2012
17	Traver	Sutheran	tsutherang@wired.com	Male	231-864-6056	Bosnia and Herzegovina	30-12-1994
18	Noelani	Baggally	nbaggallyh@discuz.net	Female	641-445-0261	Brazil	22-02-2015
19	Maye	Peetermann	mpeetermanni@rambler.ru	Female	222-435-3367	Bulgaria	19-01-2011
20	Barbara	Coleyshaw	bcoleyshawj@unc.edu	Agender	415-111-0479	Ecuador	13-11-2005
21	Fania	Rewan	frewank@msu.edu	Female	191-884-4571	Tunisia	16-12-2014
22	Wolfgang	Oakes	woakesl@illinois.edu	Male	257-206-7432	Indonesia	23-01-2013
23	Ade	O' Timony	aotimonym@gov.uk	Male	869-144-1196	Brazil	06-08-2011
24	Cherrita	Dyers	cdyersn@wikimedia.org	Female	458-114-4414	China	14-04-2017
25	Ram	Picknett	rpicknetto@sitemeter.com	Male	844-259-6129	Greece	29-08-2016
26	Lauree	Welbelove	lwelbelovep@wikipedia.org	Female	712-218-2506	Indonesia	02-04-1993
27	Christie	Fleischer	cfleischerq@earthlink.net	Male	738-533-1171	Iran	15-07-2006
28	Winthrop	Hamm	whammr@virginia.edu	Male	582-122-9264	Slovenia	16-10-1998
29	Cedric	Thring	cthrings@cpanel.net	Male	320-144-8534	China	20-07-2000
30	Lenci	Skipsey	lskipseyt@oaic.gov.au	Male	443-819-1410	China	17-11-2002
31	Marna	Breen	mbreenu@gravatar.com	Female	755-125-7502	Poland	06-11-2017
32	Moss	Doret	mdoretv@flavors.me	Male	530-901-1228	Brazil	04-06-1996
33	Goldie	Garland	ggarlandw@webeden.co.uk	Female	257-379-3499	Brazil	08-02-2018
34	Arlena	Armytage	aarmytagex@cocolog-nifty.com	Female	258-586-8992	Brazil	23-10-2019
35	Ianthe	Hamlen	ihamleny@sakura.ne.jp	Bigender	407-843-4247	Greece	08-09-2014
36	Mame	Kenworth	mkenworthz@gmpg.org	Female	750-276-1808	Portugal	10-02-2000
37	Joletta	O'Keefe	jokeefe10@artisteer.com	Female	345-311-4328	Russia	23-02-2002
38	Demetris	Golby	dgolby11@privacy.gov.au	Female	323-136-0870	United States	13-12-1991
39	Brianna	Benez	bbenez12@ustream.tv	Female	143-309-5021	China	10-08-2014
40	Gratia	Mahedy	gmahedy13@sbwire.com	Female	362-587-9986	Philippines	25-10-1994
41	Allissa	Kensall	akensall14@de.vu	Female	621-600-1159	Russia	25-04-2014
42	Ingaberg	Laba	ilaba15@jalbum.net	Female	674-550-0587	Brazil	21-12-1999
43	Glory	Babalola	gbabalola16@deviantart.com	Bigender	220-483-5637	Ukraine	09-10-2007
44	Yorke	Hemms	yhemms17@phpbb.com	Male	560-750-1697	China	03-02-1996
45	Haskel	Najara	hnajara18@twitpic.com	Male	714-554-4153	Sweden	23-07-1998
46	Lennie	Portress	lportress19@seesaa.net	Male	870-183-5539	Finland	07-05-1990
47	Fabian	Goodoune	fgoodoune1a@yellowbook.com	Male	746-893-9654	Marshall Islands	12-05-2010
48	Valentin	Lambarton	vlambarton1b@ebay.com	Male	229-940-0648	Montenegro	21-02-2004
49	Colas	Abrahamsen	cabrahamsen1c@deviantart.com	Polygender	557-794-1168	France	19-02-2018
50	Christabella	O'Scully	coscully1d@samsung.com	Female	538-928-2462	Colombia	20-09-2016
51	Bennie	Trinke	btrinke1e@hatena.ne.jp	Non-binary	553-748-1871	South Africa	06-04-2018
52	Cristian	Mackleden	cmackleden1f@wufoo.com	Male	730-252-2548	Chile	28-10-2018
53	Rufus	Santello	rsantello1g@trellian.com	Male	716-544-4886	China	27-10-2015
54	Smith	Songust	ssongust1h@prlog.org	Male	586-272-2263	Indonesia	06-04-2001
55	Jeni	Rodger	jrodger1i@cnet.com	Genderqueer	288-561-9583	Indonesia	28-07-2017
56	Constanta	Comiam	ccomiam1j@who.int	Female	560-978-8891	Mauritius	31-03-2009
57	Burty	Cutbirth	bcutbirth1k@domainmarket.com	Male	104-338-0122	China	30-01-2005
58	Keefer	Caddie	kcaddie1l@nsw.gov.au	Male	495-708-8739	France	02-03-2000
59	Jarib	Ankers	jankers1m@linkedin.com	Male	203-806-9578	France	12-04-2000
60	Nikita	Rennolds	nrennolds1n@arizona.edu	Male	939-519-9155	China	11-11-2014
61	Norris	Millson	nmillson1o@bizjournals.com	Male	117-607-6908	Ireland	31-07-2014
62	Tait	O' Culligan	toculligan1p@biglobe.ne.jp	Male	891-446-0089	Russia	14-11-2019
63	Mabel	Ferrarone	mferrarone1q@slate.com	Female	443-669-1163	China	10-02-1995
64	Shepherd	Doud	sdoud1r@uiuc.edu	Male	874-226-4208	Nigeria	02-09-2000
65	Alvin	Larmour	alarmour1s@hatena.ne.jp	Male	522-621-9071	Poland	04-01-2007
66	May	Tellwright	mtellwright1t@youtu.be	Female	901-266-9397	Greece	19-12-2002
67	Bret	Vallens	bvallens1u@tumblr.com	Male	551-205-2523	Ireland	10-03-2004
68	Gertrudis	Creavan	gcreavan1v@biglobe.ne.jp	Female	896-323-8268	Czech Republic	11-10-2014
69	Bev	Bolino	bbolino1w@bbb.org	Polygender	688-897-1545	France	22-08-2010
70	Gilberte	Hedgeman	ghedgeman1x@topsy.com	Female	204-819-8853	Russia	30-08-2016
71	Alf	Hacquoil	ahacquoil1y@rambler.ru	Male	649-415-9535	Russia	25-08-1995
72	Clemens	Gallager	cgallager1z@bbc.co.uk	Male	225-181-7339	Philippines	27-06-2009
73	Ezra	Kares	ekares20@unc.edu	Male	835-396-0847	China	22-04-1994
74	Ugo	Coom	ucoom21@symantec.com	Male	925-961-9539	Philippines	21-03-2020
75	Arthur	Ruggiero	aruggiero22@phpbb.com	Male	699-566-1150	Azerbaijan	23-02-1999
76	Rockey	Kindall	rkindall23@elpais.com	Male	843-664-5976	Serbia	25-12-1997
77	Rurik	Farrear	rfarrear24@symantec.com	Male	467-261-5095	China	31-12-1990
78	Nichole	Dillow	ndillow25@techcrunch.com	Male	390-205-6658	Russia	01-12-2015
79	Jorge	Brydie	jbrydie26@people.com.cn	Male	293-593-3922	Czech Republic	14-01-2005
80	Albrecht	Defries	adefries27@noaa.gov	Male	990-587-6042	Indonesia	29-06-2014
81	Murvyn	Longstaff	mlongstaff28@webs.com	Male	321-278-5972	China	31-01-2020
82	Ewan	Crosland	ecrosland29@cloudflare.com	Male	562-453-2275	United States	19-09-2021
83	Jacynth	Weond	jweond2a@google.ru	Female	710-439-5441	China	07-12-1990
84	Genni	Butt Gow	gbuttgow2b@360.cn	Female	835-391-9721	South Africa	30-01-2007
85	Ardelis	Loyley	aloyley2c@free.fr	Female	679-369-7397	Russia	10-09-2019
86	Sholom	Furtado	sfurtado2d@jiathis.com	Male	195-574-0892	Portugal	10-09-2015
87	Hedwig	Linn	hlinn2e@redcross.org	Female	739-937-9018	Indonesia	04-08-2012
88	Rutherford	Blacksell	rblacksell2f@usgs.gov	Male	355-906-1899	Thailand	18-11-2020
89	Rice	Scrinage	rscrinage2g@statcounter.com	Male	142-614-5150	Malaysia	28-08-2021
90	Kerry	Kleynen	kkleynen2h@unicef.org	Male	962-254-0894	China	25-10-2002
91	Deny	Frisel	dfrisel2i@e-recht24.de	Female	347-491-3346	Croatia	02-04-1995
92	Julee	Chaff	jchaff2j@youtu.be	Female	665-849-2954	France	01-06-2010
93	Georgie	Eakly	geakly2k@squidoo.com	Male	627-958-7492	China	03-07-2010
94	Euell	Snoddy	esnoddy2l@blogger.com	Male	455-784-8545	Poland	21-11-2010
95	Daffie	Jarrold	djarrold2m@barnesandnoble.com	Female	884-495-8889	Portugal	02-10-2016
96	Elysia	Frewer	efrewer2n@blinklist.com	Female	356-192-3030	Indonesia	03-05-2020
97	Kimball	Manie	kmanie2o@geocities.jp	Male	769-903-0823	Indonesia	19-06-1994
98	Durand	Perell	dperell2p@unc.edu	Male	970-528-2511	United States	14-11-1997
99	Greta	Haigh	ghaigh2q@vimeo.com	Female	982-222-7378	Indonesia	28-11-2018
100	Oberon	Worswick	oworswick2r@cnet.com	Male	271-318-8770	Portugal	17-12-2000
101	Martin	Ridesdale	mridesdale2s@mit.edu	Male	868-783-8805	Indonesia	03-12-2014
102	Curcio	Pitherick	cpitherick2t@weather.com	Male	193-522-4872	Brazil	15-02-1998
103	Sherwynd	Slimings	sslimings2u@oaic.gov.au	Male	896-614-9723	Japan	16-01-2003
104	Seumas	Suarez	ssuarez2v@nytimes.com	Bigender	161-927-6373	China	02-04-2020
105	Sisile	Louis	slouis2w@mediafire.com	Female	797-543-2634	Germany	14-08-1995
106	Kilian	Pittam	kpittam2x@blogspot.com	Male	417-162-8247	China	09-07-2007
107	Vivyanne	Ashmore	vashmore2y@xinhuanet.com	Female	474-833-7890	Indonesia	07-06-2009
108	Aksel	Hortop	ahortop2z@ifeng.com	Male	628-650-1193	Russia	01-05-2011
109	Birk	Alves	balves30@devhub.com	Male	140-407-7680	Poland	08-08-1995
110	Lauren	Eliesco	leliesco31@foxnews.com	Male	712-410-7384	China	06-05-1997
111	Eugene	Moyles	emoyles32@qq.com	Male	106-840-2143	China	06-06-1990
112	Karoline	Hourston	khourston33@eepurl.com	Female	544-597-8074	China	14-11-2017
113	Stormi	Crowley	scrowley34@pagesperso-orange.fr	Non-binary	593-837-0502	Sweden	05-11-2019
114	Daria	Zielinski	dzielinski35@google.com.au	Female	770-430-6333	Sweden	13-09-1990
115	Selby	Caveney	scaveney36@sourceforge.net	Male	559-657-6782	China	03-10-2008
116	Cooper	Fanthome	cfanthome37@skype.com	Bigender	196-442-5822	Lesotho	21-02-2002
117	Valentijn	O'Hollegan	vohollegan38@shareasale.com	Male	240-898-3205	Portugal	24-05-2000
118	Bobbe	O'Moylane	bomoylane39@flickr.com	Female	494-769-5268	Malaysia	18-12-2019
119	Erinna	Raeside	eraeside3a@vimeo.com	Female	930-689-9684	Russia	30-01-2019
120	Aili	Saiger	asaiger3b@zimbio.com	Female	312-971-7316	Azerbaijan	12-10-2003
121	Chrotoem	de Chastelain	cdechastelain3c@photobucket.com	Male	482-528-3275	Azerbaijan	08-03-2001
122	Adella	MacCall	amaccall3d@soundcloud.com	Female	292-279-5260	Peru	26-11-2016
123	Leroi	Paulucci	lpaulucci3e@elegantthemes.com	Male	405-412-8795	Philippines	28-08-2005
124	Audrie	Barnhill	abarnhill3f@dropbox.com	Female	384-893-1752	Peru	11-08-1994
125	Oswald	Domenget	odomenget3g@hp.com	Male	786-183-8601	China	29-06-2015
126	Hagen	Blackston	hblackston3h@mayoclinic.com	Male	961-815-3185	Peru	08-11-2016
127	Morris	Ducarne	mducarne3i@trellian.com	Male	632-872-6702	Russia	28-08-2004
128	Aarika	Buddle	abuddle3j@indiatimes.com	Female	565-907-3379	China	24-01-2005
129	Carolann	Bramwell	cbramwell3k@nydailynews.com	Female	725-588-1540	South Africa	22-04-2000
130	Marcela	Spencers	mspencers3l@opensource.org	Female	704-208-3568	Russia	14-04-1997
131	Dulcine	Honatsch	dhonatsch3m@youku.com	Female	807-600-6133	Indonesia	14-10-1991
132	Fons	O'Malley	fomalley3n@craigslist.org	Male	479-805-9539	Falkland Islands	07-12-2004
133	Dimitri	Rasor	drasor3o@live.com	Male	940-105-0350	Brazil	24-11-2007
134	Leanna	Burwood	lburwood3p@sakura.ne.jp	Female	820-936-5324	Russia	21-10-2010
135	Frances	Goady	fgoady3q@chron.com	Female	238-819-4748	Bolivia	10-05-1998
136	Chantal	McCane	cmccane3r@t-online.de	Non-binary	156-235-4088	Canada	04-09-2017
137	Lewie	Harness	lharness3s@webs.com	Male	307-119-8396	China	07-10-1993
138	Blinni	Boughey	bboughey3t@soundcloud.com	Female	731-496-6333	Iran	12-03-2009
139	Arluene	Scad	ascad3u@hugedomains.com	Female	704-954-1777	Croatia	25-01-2007
140	Gareth	Shovel	gshovel3v@xrea.com	Male	130-590-6029	Canada	13-02-2018
141	Horacio	Bremmell	hbremmell3w@ibm.com	Male	615-587-7396	Russia	01-04-2006
142	Georgina	Westcot	gwestcot3x@soup.io	Female	672-832-4301	Brazil	21-10-1998
143	Nari	Chevers	nchevers3y@sina.com.cn	Female	590-495-7146	Poland	25-05-2004
144	Ralina	Hankin	rhankin3z@cdbaby.com	Female	782-472-6317	Argentina	19-03-1991
145	Cybill	Lantaff	clantaff40@sphinn.com	Female	986-596-1507	China	04-04-2014
146	Mac	Warrillow	mwarrillow41@arstechnica.com	Male	930-398-2038	China	27-04-1991
147	Mitch	MacEllen	mmacellen42@newyorker.com	Agender	667-257-7323	Indonesia	14-09-2020
148	Meir	Avramov	mavramov43@aol.com	Male	852-552-1539	Iran	17-10-2020
149	Merrile	Bomb	mbomb44@webs.com	Female	330-945-2042	Slovenia	30-12-2002
150	Bathsheba	Waker	bwaker45@gov.uk	Female	443-765-6334	Brazil	11-05-2011
151	Sunny	Corhard	scorhard46@cloudflare.com	Female	979-558-0634	Japan	06-05-2007
152	Shayna	Rappa	srappa47@elpais.com	Female	543-557-0631	Pakistan	10-05-1991
153	Zita	Duiguid	zduiguid48@yahoo.co.jp	Female	408-208-1473	United States	16-10-2003
154	Franky	Boobier	fboobier49@acquirethisname.com	Male	638-876-8410	Netherlands	28-05-1998
155	Kristos	Gilhooley	kgilhooley4a@livejournal.com	Male	722-149-7198	Honduras	22-09-1997
156	Aubert	Thornally	athornally4b@about.com	Polygender	507-126-2590	Ireland	22-06-2015
157	Lucretia	Ianno	lianno4c@webnode.com	Female	413-558-8244	China	08-09-1998
158	Urban	Whitlow	uwhitlow4d@a8.net	Male	824-377-5383	Georgia	16-08-2009
159	Harold	Rhubottom	hrhubottom4e@wordpress.com	Male	712-108-1850	Vietnam	13-04-1995
160	Catharina	Banville	cbanville4f@gnu.org	Female	280-919-6653	United Kingdom	19-07-2019
161	Clerc	Walework	cwalework4g@fda.gov	Genderfluid	671-845-6387	Thailand	21-08-2016
162	Randi	Tonbye	rtonbye4h@cdc.gov	Female	834-751-3349	Sweden	04-06-2008
163	Louie	Crosscombe	lcrosscombe4i@jiathis.com	Male	895-817-6813	Philippines	21-12-2017
164	Arch	Shortell	ashortell4j@toplist.cz	Male	597-612-1921	China	19-01-2009
165	Leigh	Privost	lprivost4k@phoca.cz	Male	470-507-9762	France	08-01-2013
166	Nicola	Oakenfall	noakenfall4l@goo.ne.jp	Male	315-184-7781	China	06-09-1998
167	Ira	Gresham	igresham4m@harvard.edu	Female	207-643-1381	Japan	16-10-2016
168	Shandie	Slee	sslee4n@sbwire.com	Female	899-707-1382	France	12-08-2013
169	Archambault	Oscroft	aoscroft4o@hibu.com	Male	665-762-3223	Indonesia	19-04-2003
170	Myrwyn	Kiledal	mkiledal4p@cnbc.com	Male	541-932-3537	Brazil	06-02-2000
171	Robinett	Hradsky	rhradsky4q@angelfire.com	Female	477-838-8084	Portugal	29-07-2008
172	Daniel	Duthy	dduthy4r@patch.com	Genderfluid	260-728-3162	China	13-07-2017
173	Daveen	D'Errico	dderrico4s@qq.com	Female	390-851-9424	China	10-08-2015
174	Jaquelyn	Fer	jfer4t@army.mil	Agender	123-414-1211	Indonesia	06-08-2000
175	Anallise	Edgerly	aedgerly4u@seesaa.net	Female	729-168-0784	Morocco	30-12-2020
176	Hilary	Marcroft	hmarcroft4v@disqus.com	Female	295-664-8435	Philippines	13-07-1996
177	Kippar	Butner	kbutner4w@gizmodo.com	Male	919-966-0249	Germany	17-02-1997
178	Brant	Benezeit	bbenezeit4x@4shared.com	Male	343-337-3161	Thailand	25-03-1991
179	Rachele	Bissett	rbissett4y@youtube.com	Female	443-712-9398	Albania	07-02-2020
180	Moishe	Pridham	mpridham4z@japanpost.jp	Genderfluid	444-175-1331	China	13-11-1992
181	Bran	Robbey	brobbey50@scribd.com	Male	506-529-2603	China	22-01-2009
182	Shawn	Ishaki	sishaki51@virginia.edu	Male	116-453-0569	China	17-07-1998
183	Killian	Braunfeld	kbraunfeld52@bbb.org	Male	951-174-3028	Brazil	02-03-2021
184	Ranee	Aartsen	raartsen53@accuweather.com	Female	778-613-8378	Zambia	22-12-2019
185	Trudi	Asple	tasple54@gmpg.org	Female	459-883-4118	Russia	29-03-2005
186	Roderich	Hazeup	rhazeup55@mail.ru	Male	867-356-4923	Nigeria	02-07-2019
187	Monroe	Veevers	mveevers56@homestead.com	Male	851-773-7320	Indonesia	20-09-2009
188	Enriqueta	Costi	ecosti57@timesonline.co.uk	Female	616-217-3402	United States	10-04-1996
189	Patrice	Stadden	pstadden58@java.com	Male	263-503-8911	Albania	10-07-1998
190	Sorcha	Alcock	salcock59@flavors.me	Female	402-919-0798	Peru	01-07-1991
191	Templeton	Foulis	tfoulis5a@newyorker.com	Male	617-126-3288	China	19-10-1994
192	Frans	Sellner	fsellner5b@chicagotribune.com	Male	457-266-9247	Mongolia	23-05-1999
193	Marsha	Tulloch	mtulloch5c@twitpic.com	Genderqueer	360-945-3849	Spain	23-07-1997
194	Annabela	Cadore	acadore5d@fda.gov	Polygender	247-481-2853	Indonesia	11-05-2015
195	Tyrus	Clampin	tclampin5e@mapquest.com	Polygender	368-673-5420	Vietnam	17-04-2003
196	Rheta	Crownshaw	rcrownshaw5f@live.com	Female	161-755-7217	Poland	31-10-2018
197	Georgy	Nutkin	gnutkin5g@zdnet.com	Male	831-137-5214	China	19-09-2011
198	Jakob	Attwoull	jattwoull5h@walmart.com	Male	131-454-3150	Tajikistan	17-12-1990
199	Lilla	Sackes	lsackes5i@alexa.com	Bigender	547-789-2293	Portugal	01-02-2003
200	Charmine	Tremmil	ctremmil5j@cbsnews.com	Female	357-848-5216	Philippines	13-06-1995
201	Maribelle	Ledington	mledington5k@wordpress.com	Female	406-787-2333	Tunisia	07-01-2017
202	Tyrus	Alvaro	talvaro5l@uiuc.edu	Male	541-383-8391	Greece	15-12-2020
203	Kariotta	Gothliff	kgothliff5m@nih.gov	Female	697-515-5872	Argentina	09-06-2013
204	Dre	Willey	dwilley5n@ocn.ne.jp	Female	534-493-3593	Russia	23-11-2013
205	Steffane	Silburn	ssilburn5o@ucla.edu	Female	539-886-9020	Poland	01-01-2014
206	Olga	Klimowicz	oklimowicz5p@eventbrite.com	Female	187-678-2929	Ireland	12-07-1997
207	Edward	Heater	eheater5q@lulu.com	Male	480-172-3779	China	29-04-2014
208	Felisha	Garn	fgarn5r@posterous.com	Female	114-800-4183	Sweden	08-11-2008
209	Maryrose	Dicky	mdicky5s@shutterfly.com	Female	723-201-6587	Poland	11-12-2010
210	Connie	Wayon	cwayon5t@berkeley.edu	Female	209-966-8745	Bosnia and Herzegovina	12-08-2010
211	Olga	Fynes	ofynes5u@indiatimes.com	Female	500-934-4159	Indonesia	08-05-2006
212	Waylin	Rainford	wrainford5v@harvard.edu	Male	104-662-1015	Cameroon	16-08-2009
213	Aksel	Glanfield	aglanfield5w@zimbio.com	Agender	216-886-7151	Germany	06-09-2020
214	Maryanne	Rothschild	mrothschild5x@arstechnica.com	Female	896-204-6368	Uganda	01-04-2012
215	Ivor	Miall	imiall5y@auda.org.au	Male	115-804-2082	Mozambique	16-06-2004
216	Veronique	Perrycost	vperrycost5z@flickr.com	Female	753-511-5132	China	07-11-1994
217	Nathanial	Capstake	ncapstake60@timesonline.co.uk	Male	669-660-3009	Nigeria	09-12-2002
218	Obadiah	Halley	ohalley61@smugmug.com	Male	999-374-9848	Indonesia	10-09-2021
219	Wald	Golling	wgolling62@uiuc.edu	Male	363-663-1366	Greece	21-04-2012
220	Gannon	Shaddock	gshaddock63@myspace.com	Non-binary	792-725-9777	Moldova	17-01-1991
221	Luciano	Eltringham	leltringham64@icq.com	Male	575-639-5637	Poland	01-10-2002
222	Gustavo	Skpsey	gskpsey65@hao123.com	Male	463-937-3761	Mongolia	16-10-2008
223	Beverlee	Sandaver	bsandaver66@clickbank.net	Female	309-941-9020	Sweden	30-08-1999
224	Jan	Gisburn	jgisburn67@google.com.au	Male	970-749-2429	France	26-04-1995
225	Kettie	Lewisham	klewisham68@bbb.org	Female	191-587-7069	Iran	15-01-2000
226	Ive	Deller	ideller69@fotki.com	Male	605-797-4121	Pakistan	03-06-1992
227	Svend	Hackwell	shackwell6a@chron.com	Male	481-772-3310	Vietnam	11-07-2012
228	Rockwell	Toft	rtoft6b@redcross.org	Male	525-316-2022	Portugal	07-03-1991
229	Klaus	Lowson	klowson6c@nature.com	Male	947-872-4371	China	13-05-1997
230	Lily	Josifovitz	ljosifovitz6d@skyrock.com	Non-binary	781-113-5073	Poland	23-02-2000
231	Bron	Schneider	bschneider6e@geocities.com	Male	761-921-5730	China	13-12-2007
232	Chen	Tabor	ctabor6f@engadget.com	Male	891-435-7131	China	20-06-1992
233	Lucilia	Agate	lagate6g@sun.com	Female	994-118-8357	China	10-01-1995
234	Berte	Tibbs	btibbs6h@weather.com	Female	356-955-0302	China	05-11-2013
235	Luella	Backshaw	lbackshaw6i@bigcartel.com	Female	989-874-0324	Russia	03-05-2001
236	Wynn	Littleover	wlittleover6j@ihg.com	Polygender	780-650-4576	Thailand	22-10-2009
237	Elianore	Tremmel	etremmel6k@skype.com	Female	561-573-2620	France	18-02-2003
238	Osbert	Veregan	overegan6l@howstuffworks.com	Male	293-823-6717	Mongolia	25-05-2020
239	Sheena	Fruchter	sfruchter6m@cbslocal.com	Non-binary	562-927-4523	Philippines	15-02-1994
240	Byron	Butchard	bbutchard6n@reference.com	Male	495-553-6236	Vietnam	14-10-2021
241	Michel	Peers	mpeers6o@hostgator.com	Male	778-255-2303	Yemen	12-04-2013
242	Darb	Lippi	dlippi6p@devhub.com	Male	337-473-1727	China	09-04-2013
243	Joelly	Fleckness	jfleckness6q@artisteer.com	Female	702-727-4959	Russia	29-06-2020
244	Alfi	Kemster	akemster6r@pen.io	Female	792-716-0941	Thailand	08-01-2001
245	Omar	McIlwraith	omcilwraith6s@cyberchimps.com	Male	931-240-8767	Indonesia	08-06-2005
246	Mannie	Greenhaugh	mgreenhaugh6t@mozilla.com	Male	154-393-6323	China	04-09-1998
247	Hogan	O'Lahy	holahy6u@cbslocal.com	Male	183-666-6642	Philippines	11-02-2004
248	Con	Bascombe	cbascombe6v@tinyurl.com	Male	232-204-6166	Colombia	22-06-2004
249	Claudetta	Hallowes	challowes6w@shareasale.com	Non-binary	165-942-7705	Japan	04-06-1995
250	Gordon	Greser	ggreser6x@reference.com	Male	268-483-4880	Philippines	14-12-2001
251	Cly	Durnan	cdurnan6y@imgur.com	Male	214-743-7019	United States	29-06-1999
252	Bertram	Albrooke	balbrooke6z@printfriendly.com	Male	240-660-9166	United States	08-02-2004
253	Florian	Tuckie	ftuckie70@marketwatch.com	Male	692-621-2826	Finland	04-11-1990
254	Adolpho	Purveys	apurveys71@hexun.com	Male	137-904-9837	Japan	19-07-1996
255	Gav	Pippin	gpippin72@surveymonkey.com	Male	575-793-2194	Serbia	05-08-1998
256	Catherina	Malicki	cmalicki73@google.pl	Female	734-456-4150	Indonesia	11-05-2004
257	Rance	Traill	rtraill74@unicef.org	Male	563-521-7455	Brazil	11-06-2001
258	Lolita	Abbs	labbs75@rediff.com	Female	484-864-7383	Portugal	08-02-2002
259	Winfield	Brugger	wbrugger76@fotki.com	Male	635-690-8188	Georgia	07-09-1995
260	Elly	Trazzi	etrazzi77@huffingtonpost.com	Female	484-244-8600	Canada	18-04-2014
261	Crysta	Kobierski	ckobierski78@omniture.com	Female	523-613-7176	Guatemala	11-03-1995
262	Pietra	Ridett	pridett79@theguardian.com	Female	973-757-6955	Canada	14-11-2020
263	Richy	Ganter	rganter7a@chronoengine.com	Male	429-927-4857	Sweden	25-07-1998
264	Caryl	Bardnam	cbardnam7b@devhub.com	Male	200-923-6305	Sweden	23-01-2000
265	Marget	Onn	monn7c@baidu.com	Female	695-251-8854	China	12-01-2016
266	Kameko	Bulluck	kbulluck7d@photobucket.com	Female	904-545-0936	Afghanistan	10-10-1994
267	Karyn	Ather	kather7e@nature.com	Female	110-169-8585	Jordan	30-07-1993
268	Hillie	Jessup	hjessup7f@technorati.com	Male	220-891-2026	Japan	15-04-1996
269	Kacy	Tomsett	ktomsett7g@amazon.com	Female	885-301-8615	Brazil	11-05-2008
270	Ardra	Huie	ahuie7h@list-manage.com	Female	858-412-3456	Bhutan	06-07-2021
271	Chan	Freyn	cfreyn7i@tripod.com	Male	308-345-5126	Honduras	13-02-2003
272	Sergei	Piris	spiris7j@berkeley.edu	Male	906-762-7422	China	31-03-1996
273	Clayborn	Bentjens	cbentjens7k@nhs.uk	Male	432-276-4674	Uzbekistan	08-01-2018
274	Sonni	Gyves	sgyves7l@java.com	Female	561-522-0447	Cuba	07-06-2009
275	Marybelle	Kloska	mkloska7m@wsj.com	Female	104-745-2578	South Africa	23-10-2008
276	Rand	Petrillo	rpetrillo7n@ucla.edu	Male	559-670-0276	Mozambique	15-04-2017
277	Irma	Klesse	iklesse7o@a8.net	Female	531-742-6506	Colombia	16-06-2008
278	Abram	McGlew	amcglew7p@businessweek.com	Male	136-681-8355	China	18-04-2000
279	Aldric	Bromont	abromont7q@blogger.com	Male	270-642-1006	Philippines	28-02-2006
280	Betty	Craighall	bcraighall7r@walmart.com	Female	250-326-7527	Portugal	15-07-1992
281	Ruggiero	Twidell	rtwidell7s@weibo.com	Male	707-213-8127	Ivory Coast	17-09-1994
282	Kalila	Metzke	kmetzke7t@list-manage.com	Female	988-184-9540	Tanzania	18-02-1997
283	Torrence	Guillard	tguillard7u@acquirethisname.com	Male	865-411-1598	United States	31-10-2009
284	Mirabelle	Bonder	mbonder7v@wix.com	Female	550-281-0512	China	31-08-1990
285	Edgardo	Guillou	eguillou7w@blinklist.com	Male	916-339-4665	Laos	18-12-2013
286	Flinn	Connerly	fconnerly7x@unicef.org	Male	273-946-2623	Brazil	03-12-2019
287	Faber	Salmond	fsalmond7y@huffingtonpost.com	Male	482-102-6827	Burundi	30-03-2018
288	Mercy	Fairburne	mfairburne7z@theguardian.com	Female	155-580-3491	China	07-06-2021
289	Ana	Ruthven	aruthven80@google.es	Female	383-582-0300	South Africa	22-10-1997
290	Maitilde	Heustice	mheustice81@hatena.ne.jp	Female	515-444-1747	Thailand	30-11-1999
291	Corine	Bolletti	cbolletti82@jigsy.com	Female	829-523-9417	Indonesia	17-09-1994
292	Torry	Seagar	tseagar83@hao123.com	Male	947-960-1537	China	28-11-2004
293	Xymenes	Mamwell	xmamwell84@intel.com	Male	239-416-0282	Sweden	22-03-2003
294	Zeb	Tewes	ztewes85@parallels.com	Male	543-246-0684	China	04-01-2012
295	Libbi	Kyttor	lkyttor86@tripod.com	Female	812-871-3590	Brazil	29-01-2011
296	Zaneta	Yorke	zyorke87@stumbleupon.com	Bigender	862-820-7674	China	30-07-2005
297	Meredith	Staines	mstaines88@washingtonpost.com	Female	180-399-6530	Poland	03-01-2017
298	Syd	Saddler	ssaddler89@reddit.com	Non-binary	446-533-7492	Greece	29-01-2022
299	Kinny	Reckhouse	kreckhouse8a@thetimes.co.uk	Male	704-669-2945	Mongolia	09-06-2020
300	Marget	Wilmot	mwilmot8b@telegraph.co.uk	Female	887-337-6732	China	03-09-2021
301	Francklin	Barenskie	fbarenskie8c@fastcompany.com	Male	602-555-8524	Russia	10-12-2003
302	Grata	Bansal	gbansal8d@ehow.com	Female	128-564-6279	Aland Islands	07-01-2017
303	Brooks	Headington	bheadington8e@theatlantic.com	Male	738-885-5371	Indonesia	29-04-1992
304	Sascha	Cornfoot	scornfoot8f@wp.com	Female	427-351-0327	Brazil	13-11-2021
305	Leonora	Sibille	lsibille8g@theatlantic.com	Female	925-584-0848	Portugal	15-04-1990
306	Carol-jean	Pedder	cpedder8h@youku.com	Female	116-532-9296	Sao Tome and Principe	21-04-2001
307	Otes	Hammonds	ohammonds8i@networkadvertising.org	Male	318-309-4799	United States	21-03-2011
308	Antonio	Leachman	aleachman8j@auda.org.au	Male	632-507-3533	Brazil	16-06-2012
309	Padgett	Fanner	pfanner8k@biglobe.ne.jp	Male	425-477-1576	China	16-10-2000
310	Rea	Saunder	rsaunder8l@usa.gov	Female	490-760-0450	Russia	02-03-2012
311	Courtnay	Reuter	creuter8m@thetimes.co.uk	Male	919-188-2511	China	28-11-2018
312	Bertine	Ridewood	bridewood8n@ameblo.jp	Female	896-513-3684	Indonesia	23-08-2010
313	Fredia	Pettiward	fpettiward8o@senate.gov	Female	805-550-6595	Russia	28-06-1998
314	Ginger	Schelle	gschelle8p@stumbleupon.com	Male	637-887-9454	Russia	26-02-1995
315	Briana	Bebbell	bbebbell8q@squarespace.com	Female	852-913-0273	Brazil	29-07-1996
316	Emily	Leonarde	eleonarde8r@globo.com	Female	888-563-3997	Indonesia	15-04-2009
317	Hephzibah	Littrell	hlittrell8s@yandex.ru	Female	906-529-9811	Colombia	25-11-1995
318	Shirlee	Tansley	stansley8t@1und1.de	Female	483-324-3344	Indonesia	18-07-2008
319	Krissy	Bockmann	kbockmann8u@bravesites.com	Female	301-322-2753	Kazakhstan	16-11-2014
320	Ree	Trattles	rtrattles8v@biglobe.ne.jp	Female	317-819-2297	Indonesia	02-02-2019
321	Sibylla	McRavey	smcravey8w@hibu.com	Female	370-479-7678	Hungary	20-01-2018
322	Tandie	Greneham	tgreneham8x@cyberchimps.com	Female	624-198-1226	Philippines	02-10-2007
323	Elmira	Penhale	epenhale8y@bing.com	Female	843-894-8195	Zambia	29-11-1991
324	Ruthi	Norssister	rnorssister8z@ucsd.edu	Female	343-610-1147	Indonesia	16-07-1996
325	Franklin	McDiarmid	fmcdiarmid90@fotki.com	Male	734-164-9135	Belgium	20-08-2019
326	Chiquia	Waith	cwaith91@hud.gov	Genderqueer	295-381-9446	Argentina	22-09-2006
327	Griffin	Cornford	gcornford92@opera.com	Polygender	602-130-4416	Indonesia	09-10-1992
328	Pietrek	Dedham	pdedham93@reverbnation.com	Male	544-243-5960	Indonesia	02-05-2002
329	Ninon	Phittiplace	nphittiplace94@facebook.com	Female	661-490-2085	China	01-01-1993
330	Kiah	Meedendorpe	kmeedendorpe95@multiply.com	Female	456-275-1773	Austria	29-05-2017
331	Caryl	Hryncewicz	chryncewicz96@mit.edu	Female	801-713-2994	Ukraine	14-03-1994
332	Alena	Malthus	amalthus97@samsung.com	Female	544-606-2666	China	30-01-2001
333	Rebecka	Balding	rbalding98@ibm.com	Female	510-494-7329	China	13-10-1990
334	Sibylla	Buckoke	sbuckoke99@stanford.edu	Female	216-838-8128	Czech Republic	17-11-2008
335	Lilah	Rentz	lrentz9a@123-reg.co.uk	Female	864-606-9350	China	19-12-2020
336	Georgetta	Iacomini	giacomini9b@spotify.com	Female	245-932-9165	Indonesia	15-01-2019
337	Joy	Bellany	jbellany9c@nih.gov	Female	396-344-2213	Portugal	18-04-2000
338	Mozes	Edlyne	medlyne9d@eepurl.com	Male	180-854-7508	China	01-10-2013
339	Wildon	Plewes	wplewes9e@naver.com	Male	265-630-4578	Portugal	03-06-2013
340	Wrennie	Bateman	wbateman9f@tripadvisor.com	Female	844-971-8890	Brazil	31-07-2001
341	Bennie	Godfrey	bgodfrey9g@yahoo.com	Female	416-597-2857	Sweden	22-05-2013
342	Waverly	Grosvener	wgrosvener9h@exblog.jp	Male	285-753-6523	China	13-08-2015
343	Meggi	Stoffel	mstoffel9i@creativecommons.org	Female	212-965-0195	Philippines	06-09-2008
344	Web	Nials	wnials9j@seesaa.net	Male	417-665-7238	Nepal	27-04-1998
345	Karol	Ellerby	kellerby9k@salon.com	Genderqueer	181-262-5719	Sweden	09-02-1996
346	Pauly	Mityushkin	pmityushkin9l@meetup.com	Agender	251-865-7968	France	17-08-1992
347	Joann	Aspel	jaspel9m@imageshack.us	Female	797-327-1242	Venezuela	10-11-1991
348	Alisa	Gaither	agaither9n@seesaa.net	Female	821-958-8665	Argentina	28-02-2006
349	Celestyn	Strover	cstrover9o@prnewswire.com	Non-binary	963-376-5442	Senegal	04-11-2011
350	Murdock	Aiston	maiston9p@sbwire.com	Male	747-867-5659	Indonesia	12-11-2009
351	Ulla	Rocks	urocks9q@yale.edu	Polygender	235-514-6933	Armenia	20-12-2001
352	Rafaello	Rouchy	rrouchy9r@hhs.gov	Bigender	325-868-4484	United States	27-02-1995
353	Tonye	Corley	tcorley9s@europa.eu	Genderqueer	819-558-3263	Afghanistan	13-10-2000
354	Cathlene	Caw	ccaw9t@google.com	Female	778-397-3520	Czech Republic	24-05-2005
355	Corrie	enzley	cenzley9u@shareasale.com	Male	310-607-4261	Philippines	21-09-2019
356	Napoleon	Lugton	nlugton9v@163.com	Genderfluid	579-792-7004	South Sudan	19-07-2015
357	Essy	Reisk	ereisk9w@dot.gov	Female	936-117-6982	Ukraine	07-02-2008
358	Rey	Flood	rflood9x@ocn.ne.jp	Male	476-902-3534	Philippines	07-10-2011
359	Demetria	Sedgwick	dsedgwick9y@hao123.com	Female	158-513-7040	China	30-03-2005
360	Rheta	Salvage	rsalvage9z@uiuc.edu	Female	338-180-5071	South Korea	11-02-2010
361	Emmett	Challice	echallicea0@storify.com	Male	315-169-7168	Greece	21-09-2001
362	Dix	Calderhead	dcalderheada1@acquirethisname.com	Female	140-336-6471	Australia	12-07-2003
363	Vania	Craythorn	vcraythorna2@vistaprint.com	Female	151-650-6741	Thailand	02-08-2008
364	Myra	Pirouet	mpiroueta3@chicagotribune.com	Female	517-317-8464	Philippines	05-04-2017
365	Anatol	Kinze	akinzea4@virginia.edu	Male	824-103-7095	Brazil	18-09-2016
366	Isidore	Bezants	ibezantsa5@mapy.cz	Male	329-528-5346	Thailand	19-08-2011
367	Saree	Bolletti	sbollettia6@i2i.jp	Female	904-400-5419	Canada	27-08-2012
368	Salim	Lelievre	slelievrea7@phoca.cz	Male	986-365-8030	Russia	02-04-2019
369	Culley	Malyon	cmalyona8@github.com	Male	526-514-5137	Norway	10-01-2007
370	Baxie	Licciardi	blicciardia9@arizona.edu	Male	397-674-1596	Nigeria	18-03-2021
371	Sig	Longworthy	slongworthyaa@tamu.edu	Male	858-175-1002	France	06-04-2005
372	Any	Comford	acomfordab@reuters.com	Male	912-297-0025	Brazil	30-03-2011
373	Devonna	Benedek	dbenedekac@msn.com	Female	985-384-8964	Ukraine	29-03-1996
374	Burton	Whorton	bwhortonad@ovh.net	Agender	762-161-2420	Ukraine	23-10-1996
375	Sig	Wilshin	swilshinae@networksolutions.com	Male	150-608-1353	Tanzania	18-06-2020
376	Rhoda	Dawkins	rdawkinsaf@amazon.co.uk	Female	911-355-6577	Slovenia	16-07-2005
377	Alene	Fisher	afisherag@hhs.gov	Female	912-844-1133	China	07-09-1995
378	Elie	Missen	emissenah@nhs.uk	Female	501-541-8158	Finland	24-04-1997
379	Emmi	Widocks	ewidocksai@ft.com	Female	496-126-4866	Poland	24-12-1993
380	Jana	Jessett	jjessettaj@amazon.co.uk	Female	651-939-3093	Colombia	25-11-2011
381	Wilbert	Rakes	wrakesak@blinklist.com	Male	682-931-6687	France	01-09-1992
382	Genvieve	Bisco	gbiscoal@ucoz.com	Female	823-182-6498	China	30-11-1997
383	Jany	Meaney	jmeaneyam@themeforest.net	Bigender	450-512-5682	Philippines	20-10-2002
384	Mair	Fernihough	mfernihoughan@multiply.com	Female	247-122-2857	Indonesia	04-02-1997
385	Tove	Bonehill	tbonehillao@hp.com	Female	531-851-8112	Albania	04-07-2000
386	Hyacinthia	Sturney	hsturneyap@house.gov	Female	668-661-0697	Senegal	07-11-2016
387	Rowland	Slad	rsladaq@chicagotribune.com	Male	146-101-4882	Ireland	28-09-2012
388	Alonzo	Persent	apersentar@hibu.com	Male	961-818-1431	Russia	29-08-1994
389	Linc	Godridge	lgodridgeas@hc360.com	Male	406-962-4087	United States	18-10-2009
390	Rabbi	Cammocke	rcammockeat@imgur.com	Male	773-564-1703	Thailand	23-04-2015
391	Selene	Corness	scornessau@w3.org	Female	782-942-2179	China	22-05-2019
392	Payton	Hedan	phedanav@dailymotion.com	Agender	722-798-5478	Kazakhstan	28-03-2008
393	Giorgia	Baldry	gbaldryaw@ucsd.edu	Female	710-170-8786	Malaysia	07-05-2005
394	Connie	Mattacks	cmattacksax@google.ca	Female	428-887-7459	Colombia	09-09-2007
395	Quill	Davidovicz	qdavidoviczay@businesswire.com	Male	452-827-9504	China	27-11-1998
396	Vi	Galbraeth	vgalbraethaz@ustream.tv	Female	386-498-4742	Poland	30-01-1996
397	Clementia	Barwick	cbarwickb0@issuu.com	Genderqueer	641-360-4646	Argentina	12-05-2016
398	Adore	Gartell	agartellb1@boston.com	Female	266-789-0641	Indonesia	10-09-1994
399	Milicent	Cullerne	mcullerneb2@photobucket.com	Female	703-297-8367	China	30-01-1995
400	Pippa	Cousin	pcousinb3@miitbeian.gov.cn	Genderqueer	783-807-4287	Pakistan	16-11-2006
401	Marin	Pauer	mpauerb4@plala.or.jp	Female	436-231-5658	Tanzania	08-04-1991
402	Gabi	Downse	gdownseb5@patch.com	Male	868-386-0089	Portugal	24-02-2012
403	Chad	Freer	cfreerb6@ed.gov	Male	908-655-4059	Philippines	25-04-1998
404	Kelsi	Smalecombe	ksmalecombeb7@so-net.ne.jp	Female	267-244-8745	Indonesia	25-11-1998
405	Larissa	Rubes	lrubesb8@harvard.edu	Genderfluid	244-100-8994	China	03-11-2005
406	Octavia	Oag	ooagb9@seesaa.net	Female	115-977-0042	Philippines	18-06-2008
407	Efrem	Hawtrey	ehawtreyba@java.com	Male	157-983-6431	Indonesia	06-09-2012
408	Rod	MacCombe	rmaccombebb@spiegel.de	Male	558-905-8163	Peru	02-02-2010
409	Neilla	Snalum	nsnalumbc@msu.edu	Female	521-870-5496	Tajikistan	09-02-1998
410	Justis	Stanistreet	jstanistreetbd@tripadvisor.com	Male	982-226-8716	Brazil	19-07-1994
411	Krishnah	Allibon	kallibonbe@un.org	Male	739-129-5719	Indonesia	11-06-2002
412	Nata	Ruspine	nruspinebf@miibeian.gov.cn	Female	377-802-7642	Brazil	17-01-2014
413	Antoinette	Pharro	apharrobg@admin.ch	Female	428-141-4223	Russia	07-02-1991
414	Karilynn	Vousden	kvousdenbh@wikia.com	Female	786-570-7127	Cameroon	28-02-1993
415	Thaxter	Sisnett	tsisnettbi@hp.com	Male	775-840-7859	United States	01-12-2016
416	Bibbie	Few	bfewbj@comsenz.com	Female	525-753-6127	Armenia	24-06-1995
417	Hilly	Saich	hsaichbk@cocolog-nifty.com	Non-binary	497-681-3428	France	04-02-2016
418	Dulcia	McIlheran	dmcilheranbl@netscape.com	Bigender	472-980-8295	Burkina Faso	26-10-2021
419	Maje	Astles	mastlesbm@nyu.edu	Male	549-914-1929	China	26-06-2008
420	Goddard	Cuttell	gcuttellbn@engadget.com	Male	223-216-5429	Sweden	17-09-2014
421	Jackelyn	Vondruska	jvondruskabo@furl.net	Genderfluid	138-458-6249	Indonesia	07-01-1998
422	Roxana	Aish	raishbp@dmoz.org	Female	209-548-8501	China	05-07-2004
423	Rubetta	Aireton	rairetonbq@blog.com	Female	499-665-5526	China	08-04-2000
424	Eugenio	Aymeric	eaymericbr@sourceforge.net	Male	412-133-3064	Brazil	01-05-2004
425	Doralynn	Yushin	dyushinbs@youku.com	Female	544-783-5127	Poland	16-10-2006
426	Ole	Caesman	ocaesmanbt@ftc.gov	Male	674-295-1248	Peru	19-05-1998
427	Rina	Vawton	rvawtonbu@bandcamp.com	Female	182-942-4676	Indonesia	17-12-1998
428	Eleanor	Askie	easkiebv@chron.com	Female	940-283-9063	Ukraine	03-01-2006
429	Parsifal	Jellett	pjellettbw@smh.com.au	Agender	514-150-6499	China	06-03-2005
430	Marjory	Josifovic	mjosifovicbx@illinois.edu	Female	579-880-4831	China	24-01-1999
431	Abigael	Hoodless	ahoodlessby@spiegel.de	Female	307-759-3629	Canada	25-09-1993
432	Jourdan	Liddle	jliddlebz@adobe.com	Female	277-848-2881	Japan	18-04-2004
433	Cordy	Randalson	crandalsonc0@bandcamp.com	Male	953-224-8072	China	10-05-1997
434	Percival	Cello	pcelloc1@oaic.gov.au	Male	776-903-3217	Argentina	26-11-2017
435	Clarissa	Stansbie	cstansbiec2@nih.gov	Female	107-486-8131	Thailand	03-07-2010
436	Wallis	Gregoletti	wgregolettic3@webs.com	Male	665-481-3922	France	28-03-1991
437	Winfield	Licence	wlicencec4@ask.com	Male	396-311-9634	Brazil	07-11-2000
438	Lou	De Winton	ldewintonc5@issuu.com	Female	827-836-6391	China	02-02-2010
439	Natale	Rodway	nrodwayc6@statcounter.com	Male	197-923-7297	Philippines	24-02-2014
440	Kristina	Woodrow	kwoodrowc7@ox.ac.uk	Female	977-679-4675	China	27-12-2020
441	Eberhard	Brough	ebroughc8@creativecommons.org	Male	985-752-6706	Indonesia	22-02-1998
442	Jakob	Hanscomb	jhanscombc9@bloglines.com	Male	115-648-0123	Tanzania	16-07-2007
443	Charlotta	Romanin	cromaninca@oracle.com	Female	586-702-3870	France	02-05-1994
444	Jourdain	Soltan	jsoltancb@reuters.com	Male	847-498-3098	China	14-01-2003
445	Job	Adrien	jadriencc@seattletimes.com	Male	891-882-0223	Sweden	03-01-1998
446	Peder	Allenson	pallensoncd@unicef.org	Male	613-766-9887	Marshall Islands	04-10-2014
447	Orella	Housego	ohousegoce@salon.com	Female	291-326-1469	Russia	30-10-2001
448	Ethan	McKeeman	emckeemancf@merriam-webster.com	Male	932-691-8780	Poland	03-10-2003
449	Domeniga	Mancell	dmancellcg@accuweather.com	Female	697-722-1275	Czech Republic	08-03-1991
450	Padgett	Brudenell	pbrudenellch@reddit.com	Male	147-994-2763	Iceland	14-12-2009
451	Dedra	Bickardike	dbickardikeci@wikimedia.org	Female	591-626-5988	Dominican Republic	29-10-2015
452	Florinda	Denacamp	fdenacampcj@hibu.com	Female	913-664-5808	United States	20-01-2010
453	Mal	Ousbie	mousbieck@reverbnation.com	Male	859-712-0612	Brazil	26-09-2016
454	Julina	Troughton	jtroughtoncl@yandex.ru	Female	936-532-3141	Zimbabwe	12-02-2013
455	Donall	Campo	dcampocm@netscape.com	Male	634-443-7245	Lithuania	06-10-1999
456	Sophronia	Mallinson	smallinsoncn@netscape.com	Female	206-823-4377	Italy	15-03-2016
457	Dion	Craddock	dcraddockco@npr.org	Male	280-200-9092	China	20-05-2021
458	Shirline	Bramley	sbramleycp@mozilla.org	Female	483-195-0292	Russia	28-12-2013
459	Nicol	Lockhart	nlockhartcq@usgs.gov	Female	363-729-8528	China	24-12-2007
460	Ruthanne	Pleven	rplevencr@tripod.com	Female	746-727-5629	Philippines	17-08-1998
461	Gilbertine	Linney	glinneycs@pinterest.com	Female	267-347-9941	China	06-05-1997
462	Codi	Varley	cvarleyct@independent.co.uk	Male	792-830-4589	Thailand	01-06-2007
463	Elinore	Bavage	ebavagecu@pbs.org	Female	314-185-7063	Czech Republic	14-11-1998
464	Clo	Naismith	cnaismithcv@jalbum.net	Female	474-403-1185	Ukraine	29-07-2014
465	Gherardo	Gatecliff	ggatecliffcw@blogspot.com	Male	690-838-2168	Poland	21-12-2007
466	Dermot	Adamowitz	dadamowitzcx@amazon.com	Male	723-338-1914	Indonesia	07-03-2022
467	Monroe	Stit	mstitcy@cargocollective.com	Male	375-609-7386	Nepal	29-04-2012
468	Kimbra	Figurski	kfigurskicz@google.fr	Female	171-514-0140	Indonesia	09-07-1990
469	Niven	Annes	nannesd0@sciencedaily.com	Male	498-983-9653	Israel	04-05-1999
470	Alfy	Gissing	agissingd1@xrea.com	Female	429-862-7332	Indonesia	19-03-2005
471	Llywellyn	Melia	lmeliad2@nhs.uk	Male	939-712-7725	Philippines	20-01-1996
472	Maure	Shankland	mshanklandd3@acquirethisname.com	Female	622-867-2558	Indonesia	04-01-2014
473	Rikki	Sainthill	rsainthilld4@zdnet.com	Female	625-545-2291	Indonesia	07-08-2014
474	Faustine	Mattingly	fmattinglyd5@dmoz.org	Female	878-533-5156	Serbia	15-06-2015
475	Daisie	Hullot	dhullotd6@photobucket.com	Female	487-253-2828	Iceland	17-06-1992
476	Adrien	O'Keefe	aokeefed7@blogspot.com	Male	577-121-2868	Thailand	03-07-1990
477	Janna	MacNockater	jmacnockaterd8@tiny.cc	Female	262-207-6924	Indonesia	27-04-2001
478	Rozele	Eouzan	reouzand9@cocolog-nifty.com	Female	647-216-3862	China	05-09-1995
479	Jodi	Trowel	jtrowelda@ucoz.com	Female	573-427-7082	Indonesia	04-01-2001
480	Barclay	Branca	bbrancadb@bing.com	Male	592-389-3331	Brazil	26-09-2010
481	Horatio	McEvay	hmcevaydc@telegraph.co.uk	Male	504-443-4110	Venezuela	01-03-2020
482	Rosanna	O'Gormally	rogormallydd@google.com.br	Female	550-761-3765	Brazil	19-05-2017
483	Wenonah	Pree	wpreede@economist.com	Female	450-532-9334	Portugal	25-05-2014
484	Grange	Gate	ggatedf@vimeo.com	Male	787-403-6496	Russia	01-09-2016
485	Pace	Ragot	pragotdg@unesco.org	Agender	737-461-2480	Canada	01-12-2017
486	Merridie	Chessell	mchesselldh@webmd.com	Female	413-792-2510	Madagascar	05-08-2014
487	Conchita	Espinho	cespinhodi@phoca.cz	Female	248-789-9370	Indonesia	10-12-2013
488	Cassaundra	Spier	cspierdj@ucsd.edu	Female	433-638-5909	China	06-05-2007
489	Dareen	Winn	dwinndk@youtu.be	Female	521-845-9630	Malaysia	02-02-1993
490	Chic	Echalie	cechaliedl@com.com	Male	464-418-8850	Luxembourg	29-05-2017
491	Pamelina	Talks	ptalksdm@google.ca	Female	742-409-3799	Indonesia	09-02-2002
492	Vladimir	Bremen	vbremendn@intel.com	Male	581-102-8326	Cyprus	17-06-2005
493	Moore	Keemer	mkeemerdo@squidoo.com	Male	684-271-1436	Colombia	21-03-2019
494	Isabelita	Hauger	ihaugerdp@adobe.com	Female	817-165-4973	China	22-12-2000
495	Ellis	McTrustie	emctrustiedq@weather.com	Male	912-714-3598	China	26-06-2004
496	Chrissie	Scawton	cscawtondr@yellowpages.com	Male	995-475-9250	Colombia	12-07-2003
497	Beverley	Neesham	bneeshamds@timesonline.co.uk	Female	764-506-7280	Madagascar	02-01-1996
498	Verge	Buxsey	vbuxseydt@oakley.com	Male	744-429-0065	Indonesia	27-03-2013
499	Edd	Bartalin	ebartalindu@nature.com	Male	217-758-1301	Burkina Faso	03-05-2008
